local,X1,X2,X3,X4,X5,X6,X7,X8,P1symprot,P1symcarb,P1symlip,P1volume,P1chlacell,P1STsigma,P1STp,P1STETR,P1density,P1grossPhotocell,P1tauAve,P1MTtauAve,P1MTfvfm,P1mtNPQ
CNikkoAcropora,C,Nikko,Acropora,trenchii,10,1,NA1-5,B,0.000336174,2.89E-06,0.000558721,540.3260915,7.231022137,194,0.06,368068.925,332903.2257,3.03E-09,1464,23792,0.566,0.207809499
CNikkoAcropora,C,Nikko,Acropora,trenchii,10,2,NA2-5,B,0.000348698,2.91E-06,0.0007129,535.2970764,7.025255647,182,0.08,524858.698,380559.1398,5.84E-09,1174,20128,0.557,0.060495627
CNikkoAcropora,C,Nikko,Acropora,trenchii,10,3,NA3-5,B,0.000386348,2.87E-06,0.000839881,541.0804113,6.801214412,169,0.09,181389.1365,371295.2852,6.57E-09,1542,18125,0.532,0.481500263
CNikkoAcropora,C,Nikko,Acropora,trenchii,10,4,NA4-5,B,0.000631844,4.47E-06,0.00165696,517.0039534,10.55366923,173,0.11,369489.1615,197275.9856,8.63E-09,1764,21528,0.558,0.127418279
CNikkoAcropora,C,Nikko,Acropora,trenchii,10,5,NA5-5,B,0.000473699,2.31E-06,0.000282462,504.8215376,4.830502065,189,0.08,487672.353,407201.2289,4.33E-09,1154,15739,0.535,0.059328091
CNikkoAcropora,C,Nikko,Acropora,trenchii,10,6,NA6-5,B,0.000745287,3.11E-06,0.000900723,546.823187,6.920346834,176,0.24,366355.968,300455.9139,7.62E-09,1488,20504,0.526,0.241779529
CNikkoAcropora,C,Nikko,Acropora,trenchii,10,7,NA7-5,B,0.000218749,1.45E-06,0.000253341,518.7423173,4.366053626,170,0.19,294888.8,564166.1395,3.73E-09,1648,20387,0.522,0.233069667
CNikkoAcropora,C,Nikko,Acropora,trenchii,10,8,NA8-5,B,0.000364364,2.51E-06,0.000302552,557.1047449,6.436801322,165,0.24,271904.82,404780.5394,1.91E-09,1437,18456,0.543,0.288834265
COffshoreAcropora,C,Offshore,Acropora,C21-sp,10,1,OA1-5,B,0.000324088,1.66E-06,0.000573016,754.2487152,6.778503717,194,0.15,576290.774,333075.2687,6.62E-09,872,19072,0.533,0.146923077
COffshoreAcropora,C,Offshore,Acropora,C21-sp,10,2,OA2-5,B,0.000248125,2.12E-06,0.000694404,636.6094664,5.636060859,204,0.23,513106.512,471488.3983,2.96E-09,1068,25075,0.521,0.229669622
COffshoreAcropora,C,Offshore,Acropora,C21-sp,10,3,OA3-5,B,0.000549549,1.55E-06,0.001715857,788.0288927,6.054248621,198,0.27,452936.187,194847.1432,7.05E-09,829,20612,0.547,0.260256836
COffshoreAcropora,C,Offshore,Acropora,C21-sp,10,4,OA4-5,B,0.000426913,1.93E-06,0.000908937,699.261558,7.468075856,189,0.14,446691.483,317801.6727,4.04E-09,1464,21341,0.529,0.191830112
COffshoreAcropora,C,Offshore,Acropora,C21-sp,10,5,OA5-5,B,0.000532243,1.83E-06,0.000444954,697.3510539,7.471149262,190,0.18,428456.08,401038.1908,2.11E-09,999,22451,0.549,0.23880597
COffshoreAcropora,C,Offshore,Acropora,C21-sp,10,6,OA6-5,B,0.000935455,2.35E-06,0.001383452,664.0409231,8.353836997,197,0.17,454920.1815,206451.6129,1.50E-08,1341,25114,0.544,0.159682081
COffshoreAcropora,C,Offshore,Acropora,C21-sp,10,7,OA7-5,B,0.000369762,1.91E-06,0.001166804,657.2744464,7.272375732,191,0.23,443135.471,273877.8312,7.54E-09,1339,21172,0.507,0.354886347
COffshoreAcropora,C,Offshore,Acropora,C21-sp,10,8,OA8-5,B,0.000321523,1.59E-06,0.000859813,852.4553994,6.084195149,191,0.18,306467.522,430714.7375,2.19E-09,1181,22190,0.535,0.336660809
TNikkoAcropora,T,Nikko,Acropora,trenchii,10,1,NA1-10,B,0.000355472,2.77E-06,0.00031494,483.732468,5.222424658,173,0.16,281336.925,349281.0457,7.75E-09,1650,19788,0.515,0.156069364
TNikkoAcropora,T,Nikko,Acropora,trenchii,10,2,NA2-10,B,0.001124095,8.65E-06,0.002526243,300.3832553,16.79149336,180,0.15,284914.62,125258.4114,1.45E-08,1482,22138,0.515,0.188450359
TNikkoAcropora,T,Nikko,Acropora,trenchii,10,3,NA3-10,B,0.001264065,7.05E-06,0.000552374,302.5491455,0.389817194,175,0.16,244746.8625,116019.9909,1.71E-08,1626,19150,0.5,0.277680126
TNikkoAcropora,T,Nikko,Acropora,trenchii,10,4,NA4-10,B,0.001139537,6.11E-06,0.000794189,268.5069908,0.376388733,187,0.09,429800.426,149677.4193,6.03E-09,1644,19611,0.527,0.126823082
TNikkoAcropora,T,Nikko,Acropora,trenchii,10,5,NA5-10,B,NA,NA,NA,NA,NA,NA,NA,NA,NA,NA,NA,NA,NA,NA
TNikkoAcropora,T,Nikko,Acropora,trenchii,10,6,NA6-10,B,NA,NA,NA,NA,NA,180,0.17,390294,NA,NA,1690,20371,0.528,0.193933212
TNikkoAcropora,T,Nikko,Acropora,trenchii,10,7,NA7-10,B,0.00116078,6.55E-06,0.000686045,217.3101137,0.455938188,174,0.18,213165.573,114130.6865,1.39E-08,1672,21219,0.514,0.4637248
TNikkoAcropora,T,Nikko,Acropora,trenchii,10,8,NA8-10,B,0.000821883,6.15E-06,0.001212348,236.1163743,0.264551714,199,0.1,459538.6605,162053.4166,1.27E-08,1554,15428,0.517,0.051777916
TOffshoreAcropora,T,Offshore,Acropora,C21-sp,10,1,OA1-10,B,0.001065151,4.58E-06,0.001903685,786.5871925,10.71889857,215,0.14,477839.1125,116129.0322,NA,1097,20520,0.474,0.248385974
TOffshoreAcropora,T,Offshore,Acropora,C21-sp,10,2,OA2-10,B,0.00064972,4.71E-06,0.000705036,787.1117933,9.254600211,237,0.23,192707.6625,229323.2132,2.71E-09,1367,33440,0.428,0.47892374
TOffshoreAcropora,T,Offshore,Acropora,C21-sp,10,3,OA3-10,B,0.000507378,3.20E-06,0.000970691,1037.266014,5.541754494,208,0.3,259328.68,148486.3523,1.17E-08,1419,25704,0.435,0.456381045
TOffshoreAcropora,T,Offshore,Acropora,C21-sp,10,4,OA4-10,B,0.000378831,2.71E-06,0.001448567,935.2448926,8.132389317,220,0.19,360154.63,322651.1545,5.89E-09,1135,25727,0.498,0.340896037
TOffshoreAcropora,T,Offshore,Acropora,C21-sp,10,5,OA5-10,B,0.000715184,4.16E-06,0.002542877,914.9456542,10.88497785,201,0.33,278930.112,200177.1031,7.00E-09,1400,26501,0.407,0.191831119
TOffshoreAcropora,T,Offshore,Acropora,C21-sp,10,6,OA6-10,B,0.001495806,4.75E-06,0.00217557,1013.23521,5.257928154,224,0.2,242849.6,137947.2141,1.22E-08,1439,27835,0.447,0.311618156
TOffshoreAcropora,T,Offshore,Acropora,C21-sp,10,7,OA7-10,B,0.001082988,5.56E-06,0.005140349,979.9949676,7.921894545,222,0.15,332140.194,139354.8387,1.03E-08,1009,20843,0.477,0.388272454
TOffshoreAcropora,T,Offshore,Acropora,C21-sp,10,8,OA8-10,B,0.0004275,2.17E-06,0.000748303,821.0808948,4.889060788,207,0.13,267058.6695,367047.1464,5.61E-09,1067,24228,0.491,0.547993475
CNikkoGoniastrea,C,Nikko,Goniastrea,trenchii,10,1,NG1-5,B,0.000449134,6.34E-07,0.002133497,659.1797962,4.671370311,166,0.08,257355.527,395371.8239,2.28E-08,1814,19012,0.546,0.515713532
CNikkoGoniastrea,C,Nikko,Goniastrea,trenchii,10,2,NG2-5,B,0.001063728,1.03E-06,0.004909532,658.9055737,3.202035613,163,0.13,263307.5105,117602.8273,3.21E-08,2074,18073,0.523,0.466121415
CNikkoGoniastrea,C,Nikko,Goniastrea,trenchii,10,3,NG3-5,B,0.000521718,5.63E-07,0.00361522,397.5396992,2.201720725,167,0.14,300548.063,350397.4398,1.18E-08,2109,17343,0.538,0.27210942
CNikkoGoniastrea,C,Nikko,Goniastrea,trenchii,10,4,NG4-5,B,0.00045729,5.56E-07,0.000899958,461.1888813,3.43879401,174,0.15,358419.99,489440.1488,6.61E-09,1893,13480,0.543,0.151515216
CNikkoGoniastrea,C,Nikko,Goniastrea,trenchii,10,5,NG5-5,B,0.000516294,4.33E-07,NA,641.8926974,3.684135991,188,0.07,152865.15,639882.1435,7.73E-09,2575,37445,0.472,0.139967586
CNikkoGoniastrea,C,Nikko,Goniastrea,trenchii,10,6,NG6-5,B,0.000680984,8.13E-07,0.002142287,506.7370718,6.751748126,163,0.16,NA,482547.4279,8.76E-09,1967,15477,0.524,NA
CNikkoGoniastrea,C,Nikko,Goniastrea,trenchii,10,7,NG7-5,B,0.000133326,5.23E-07,0.002266372,594.4460357,4.194125624,161,0.11,279277.04,474956.3459,8.70E-09,2360,15206,0.542,0.260160882
CNikkoGoniastrea,C,Nikko,Goniastrea,trenchii,10,8,NG8-5,B,0.000379286,6.07E-07,0.002298794,514.8066977,5.159707579,190,0.07,144191.95,489786.3321,8.58E-09,2247,29236,0.522,0.218288634
COffshoreGoniastrea,C,Offshore,Goniastrea,C40-sp,10,1,OG1-5,B,0.000153596,7.34E-07,0.000815865,569.863906,4.46731701,212,0.08,326372.516,864745.3176,4.40E-09,1835,22064,0.459,0.247523134
COffshoreGoniastrea,C,Offshore,Goniastrea,C40-sp,10,2,OG2-5,B,0.000417908,1.17E-06,0.001448686,650.4630129,8.778231039,170,0.11,504997.07,549818.8032,2.46E-09,1458,15195,0.567,0.213563806
COffshoreGoniastrea,C,Offshore,Goniastrea,C40-sp,10,3,OG3-5,B,0.000533014,1.26E-06,0.001064599,549.2610115,8.633674236,183,0.11,446398.7625,662824.4455,4.42E-09,1311,18088,0.501,0.357517993
COffshoreGoniastrea,C,Offshore,Goniastrea,C40-sp,10,4,OG4-5,B,0.000347834,9.19E-07,0.000766959,621.6680654,4.503313687,191,0.08,302326.069,829617.4677,2.41E-09,2173,18607,0.48,0.602573887
COffshoreGoniastrea,C,Offshore,Goniastrea,C40-sp,10,5,OG5-5,B,0.000518365,1.22E-06,0.000439307,612.520699,8.278747232,187,0.09,366952.2505,773084.8183,4.75E-09,1657,20630,0.501,0.392909983
COffshoreGoniastrea,C,Offshore,Goniastrea,C40-sp,10,6,OG6-5,B,0.000561449,9.44E-07,0.001092464,498.3256874,5.837863599,174,0.11,494242.302,947355.2223,4.13E-09,1794,16296,0.552,0.276149713
COffshoreGoniastrea,C,Offshore,Goniastrea,C40-sp,10,7,OG7-5,B,0.00025332,1.05E-06,0.001075123,557.346111,5.956819382,200,0.08,370779.3,889153.4518,2.26E-09,2405,20415,0.491,0.392605525
COffshoreGoniastrea,C,Offshore,Goniastrea,C40-sp,10,8,OG8-5,B,0.000359773,9.61E-07,0.000870267,668.2728711,7.77991854,179,0.1,273628.6185,709956.0689,4.85E-09,1679,20488,0.491,0.197512802
TNikkoGoniastrea,T,Nikko,Goniastrea,trenchii,10,1,NG1-10,B,0.001179522,1.17E-06,0.002517042,733.8753548,9.116026055,178,0.11,320344.642,189957.3078,1.67E-08,1675,16231,0.496,0.327580064
TNikkoGoniastrea,T,Nikko,Goniastrea,trenchii,10,2,NG2-10,B,0.000851886,1.09E-06,0.00129605,708.7174758,7.337554745,170,0.11,324377.68,209422.241,1.35E-08,1654,14470,0.52,0.357665692
TNikkoGoniastrea,T,Nikko,Goniastrea,trenchii,10,3,NG3-10,B,0.001141884,1.36E-06,0.001960168,580.601944,7.722360424,165,0.19,270115.9725,242260.5762,1.55E-08,2051,17384,0.495,0.230554668
TNikkoGoniastrea,T,Nikko,Goniastrea,trenchii,10,4,NG4-10,B,0.002069001,1.78E-06,0.00643767,608.3475574,4.199324467,170,0.12,232224.93,123615.012,2.62E-08,1949,10130,0.518,0.264245529
TNikkoGoniastrea,T,Nikko,Goniastrea,trenchii,10,5,NG5-10,B,0.000412148,6.18E-07,0.001272498,591.4171736,5.018805468,160,0.12,445802.48,424264.3803,7.44E-09,1842,14369,0.556,0.11889998
TNikkoGoniastrea,T,Nikko,Goniastrea,trenchii,10,6,NG6-10,B,0.000610868,9.57E-07,0.00136338,752.2345923,6.134699904,170,0.18,276458.25,364513.5352,9.09E-09,1480,10521,0.475,0.133905013
TNikkoGoniastrea,T,Nikko,Goniastrea,trenchii,10,7,NG7-10,B,0.000286629,4.11E-07,0.001012209,590.7573469,3.341149825,175,0.12,292178.425,584389.9691,5.02E-09,1828,13219,0.525,0.226102628
TNikkoGoniastrea,T,Nikko,Goniastrea,trenchii,10,8,NG8-10,B,0.000825593,8.29E-07,0.00115993,598.9488007,2.93948582,181,0.08,380688.431,379356.2334,7.17E-09,2041,12865,0.51,0.128867867
TOffshoreGoniastrea,T,Offshore,Goniastrea,C40-sp,10,1,OG1-10,B,0.000419403,2.32E-06,0.002308907,640.1975253,4.984884572,196,0.31,97746.964,376359.4602,6.35E-09,1676,17563,0.38,0.676195016
TOffshoreGoniastrea,T,Offshore,Goniastrea,C40-sp,10,2,OG2-10,B,0.000923824,2.22E-06,0.00175796,847.3882936,0.303180363,189,0.16,286866.09,536078.6928,7.11E-09,1752,18755,0.431,0.24648986
TOffshoreGoniastrea,T,Offshore,Goniastrea,C40-sp,10,3,OG3-10,B,0.000620471,2.80E-06,0.000576393,648.4502029,8.361473859,210,0.25,127496.04,330225.3302,7.08E-09,2229,14244,0.361,0.75518682
TOffshoreGoniastrea,T,Offshore,Goniastrea,C40-sp,10,4,OG4-10,B,0.000610115,1.54E-06,0.001710581,750.7441816,4.831486062,208,0.24,2255.032,377695.0397,2.85E-09,2474,16839,0.322,0.772712392
TOffshoreGoniastrea,T,Offshore,Goniastrea,C40-sp,10,5,OG5-10,B,0.000819262,1.27E-06,0.003188318,905.0025256,7.129824786,194,0.32,105162.55,291992.6764,6.26E-09,1650,24657,0.387,0.878294753
TOffshoreGoniastrea,T,Offshore,Goniastrea,C40-sp,10,6,OG6-10,B,0.000508134,9.10E-07,0.001584506,565.8406168,4.5880008,208,0.18,259328.68,371594.6464,5.60E-09,1926,11854,0.426,0.645173863
TOffshoreGoniastrea,T,Offshore,Goniastrea,C40-sp,10,7,OG7-10,B,0.000477353,6.53E-07,0.001111277,697.756374,5.200077242,201,0.16,272392.6875,653614.3755,3.19E-09,1928,12098,0.4,0.260540767
TOffshoreGoniastrea,T,Offshore,Goniastrea,C40-sp,10,8,OG8-10,B,0.001407975,9.65E-07,0.003431736,799.3953827,7.878005298,177,0.48,63325.2015,157351.6089,9.09E-09,2278,18479,0.274,0.431423266
CNikkoCyphastrea,C,Nikko,Cyphastrea,trenchii,10,1,NC1-4,t,0.000355101,9.10E-07,0.00047751,630.6740858,3.98007837,219,0.04,356143.275,751503.1038,3.72E-09,1480,21013,0.524828375,0.838065195
CNikkoCyphastrea,C,Nikko,Cyphastrea,trenchii,10,2,NC2-4,t,0.000262199,7.22E-07,0.000640521,552.0319706,3.932847257,211,0.04,642803.3765,1029248.202,2.71E-09,1596,22547,0.582472989,0.235905045
CNikkoCyphastrea,C,Nikko,Cyphastrea,trenchii,10,3,NC3-4,t,0.000255227,6.99E-07,0.000270713,500.2161586,3.473252158,220,0.04,546194.77,1049511.966,2.18E-09,1573,22471,0.570469799,0.478908189
CNikkoCyphastrea,C,Nikko,Cyphastrea,trenchii,10,4,NC4-4,t,0.000404727,1.02E-06,0.000798855,523.1653726,3.812170488,246,0.05,269367.909,572457.5327,4.08E-09,1622,24143,0.538648948,0.824242424
CNikkoCyphastrea,C,Nikko,Cyphastrea,trenchii,10,5,NC5-4,t,0.000307061,5.08E-07,0.000426459,610.7960628,4.624425334,198,0.05,379951.209,904613.2071,3.34E-09,1943,24484,0.532860386,0.679694948
CNikkoCyphastrea,C,Nikko,Cyphastrea,trenchii,10,6,NC6-4,t,NA,NA,NA,NA,NA,NA,NA,NA,NA,NA,NA,NA,NA,NA
CNikkoCyphastrea,C,Nikko,Cyphastrea,trenchii,10,7,NC7-4,t,0.000329942,6.14E-07,0.000601847,490.8867928,5.450615558,216,0.05,444935.16,713487.1076,3.36E-09,1751,24764,0.529597523,0.530805687
CNikkoCyphastrea,C,Nikko,Cyphastrea,trenchii,10,8,NC8-4,t,0.000408992,1.23E-06,0.000809333,611.0141633,4.343302694,203,0.05,556808.5985,719278.9879,4.44E-09,1909,26104,0.532259919,0.238603989
COffshoreCyphastrea,C,Offshore,Cyphastrea,C3u-sp,10,1,OC1-4,t,0.000471525,9.62E-07,0.000545171,627.220958,5.073586691,230,0.04,558554.08,509322.7862,4.11E-09,1450,21018,0.556091819,0.458369099
COffshoreCyphastrea,C,Offshore,Cyphastrea,C3u-sp,10,2,OC2-4,t,0.000541556,1.18E-06,0.000911942,1084.232239,5.284369341,281,0.04,371668.303,472132.7717,5.28E-09,1900,18587,0.527074986,1.354447439
COffshoreCyphastrea,C,Offshore,Cyphastrea,C3u-sp,10,3,OC3-4,t,0.000784916,1.75E-06,0.001041825,829.0111021,8.591088687,239,0.04,577819.4255,291790.4877,9.34E-09,1404,19979,0.559371147,0.466546112
COffshoreCyphastrea,C,Offshore,Cyphastrea,C3u-sp,10,4,OC4-4,t,0.000671198,1.12E-06,0.001021996,760.4748955,7.438745507,232,0.04,347101.464,394555.8195,4.87E-09,1545,21095,0.513842334,1.018796992
COffshoreCyphastrea,C,Offshore,Cyphastrea,C40-sp,10,5,OC5-4,t,0.000478247,9.91E-07,0.00033047,768.588024,5.699719144,233,0.05,457218.5795,642897.7478,3.46E-09,1738,21899,0.517945619,0.840934372
COffshoreCyphastrea,C,Offshore,Cyphastrea,C3u-sp,10,6,OC6-4,t,0.000325856,8.74E-07,0.000369816,855.9644106,6.35645986,231,0.04,581017.668,723971.4776,2.74E-09,1615,19278,0.513408151,0.377542718
COffshoreCyphastrea,C,Offshore,Cyphastrea,C3u-sp,10,7,OC7-4,t,0.000170715,3.78E-07,0.000294829,820.5550633,1.167951168,265,0.05,376362.6725,1971628.589,1.83E-09,1814,23079,0.466356769,0.796450939
COffshoreCyphastrea,C,Offshore,Cyphastrea,C3u-sp,10,8,OC8-4,t,0.000570106,1.43E-06,0.000748444,642.9559611,4.809481339,211,0.04,400322.3875,649490.8796,6.44E-09,1520,21117,0.574355902,0.994026284
TNikkoCyphastrea,T,Nikko,Cyphastrea,trenchii,10,1,NC1-5,t,0.000310271,1.05E-06,0.000253534,549.7759858,3.387656243,213,0.05,424900.068,993539.6286,1.89E-09,1671,29079,0.455960648,0.306122449
TNikkoCyphastrea,T,Nikko,Cyphastrea,trenchii,10,2,NC2-5,t,0.000200589,5.64E-07,0.0003703,605.3275271,3.088971567,206,0.05,433269.706,1396491.14,1.88E-09,1564,27760,0.538656987,0.516513761
TNikkoCyphastrea,T,Nikko,Cyphastrea,trenchii,10,3,NC3-5,t,0.000374865,5.83E-07,0.000686432,615.7000056,4.697430748,229,0.05,265649.2745,658391.1432,3.14E-09,1838,27624,0.477922815,0.957777778
TNikkoCyphastrea,T,Nikko,Cyphastrea,trenchii,10,4,NC4-5,t,0.000355819,6.20E-07,0.000762868,505.6659111,2.986723335,210,0.06,218564.64,517107.53,3.09E-09,1405,33131,0.502628362,1.24109589
TNikkoCyphastrea,T,Nikko,Cyphastrea,trenchii,10,5,NC5-5,t,0.000210767,5.03E-07,0.00012029,680.6540514,2.26349838,226,0.05,399379.177,1093490.394,2.33E-09,1432,25757,0.509483871,0.677489177
TNikkoCyphastrea,T,Nikko,Cyphastrea,trenchii,10,6,NC6-5,t,0.000198632,5.98E-07,0.000200599,704.0336014,2.396138747,207,0.05,222174.8595,1296871.567,2.27E-09,1399,25584,0.521618429,1.176092545
TNikkoCyphastrea,T,Nikko,Cyphastrea,trenchii,10,7,NC7-5,t,0.000254665,7.07E-07,0.000326011,618.2549446,2.66066418,220,0.05,348228.98,965764.2614,1.19E-09,1783,25878,0.502574371,0.664761905
TNikkoCyphastrea,T,Nikko,Cyphastrea,trenchii,10,8,NC8-5,t,0.00039289,8.14E-07,0.000306645,734.5595599,3.873332624,185,0.05,242686.9775,954808.5402,4.81E-09,1621,26965,0.548810939,0.868888889
TOffshoreCyphastrea,T,Offshore,Cyphastrea,C3u-sp,10,1,OC1-5,t,0.001289441,3.88E-06,0.001787725,907.6916489,4.882239226,289,0.05,213057.158,155389.2733,7.79E-09,2006,25816,0.274706971,0.996305419
TOffshoreCyphastrea,T,Offshore,Cyphastrea,C3u-sp,10,2,OC2-5,t,0.000978703,2.03E-06,0.001731137,1261.52989,4.704399207,282,0.05,247641.543,366406.356,5.92E-09,1563,23802,0.360618679,1.344490934
TOffshoreCyphastrea,T,Offshore,Cyphastrea,C3u-sp,10,3,OC3-5,t,0.002048329,3.56E-06,0.001025261,1115.102877,5.928534856,281,0.05,143183.6905,98200.13306,1.02E-08,2312,25370,0.280967142,1.30758226
TOffshoreCyphastrea,T,Offshore,Cyphastrea,C3u-sp,10,4,OC4-5,t,0.000974852,2.21E-06,0.001377273,1219.155272,4.761654028,240,0.06,174331.32,282335.7032,5.26E-09,2129,29260,0.241868512,0.75862069
TOffshoreCyphastrea,T,Offshore,Cyphastrea,C40-sp,10,5,OC5-5,t,0.002086496,3.36E-06,0.002323086,1053.976144,10.90757161,271,0.05,102831.6275,228076.2083,4.00E-09,2129,29402,0.235316699,1.095174263
TOffshoreCyphastrea,T,Offshore,Cyphastrea,C3u-sp,10,6,OC6-5,t,0.000667859,1.50E-06,0.000886624,1627.608984,5.674429587,234,0.07,86254.974,346791.0605,3.96E-09,1542,29346,0.238209983,1.214739517
TOffshoreCyphastrea,T,Offshore,Cyphastrea,C3u-sp,10,7,OC7-5,t,0.000735619,1.53E-06,0.000992241,1243.561004,4.658318818,263,0.05,105498.6365,412652.2892,3.15E-09,2205,29390,0.274793875,1.205194805
TOffshoreCyphastrea,T,Offshore,Cyphastrea,C3u-sp,10,8,OC8-5,t,0.000838973,1.39E-06,0.000819966,1102.217896,4.746445919,306,0.04,209002.437,366156.8263,5.13E-09,1945,23404,0.341424332,1.008343266
CNikkoPachyseris,C,Nikko,Pachyseris,trenchii,10,1,NPA1-4,t,0.000367516,6.98E-07,0.000206274,474.2593386,2.128038837,193,0.05,182039.6265,1558303.541,1.61E-09,1585,25168,0.552990264,0.844981019
CNikkoPachyseris,C,Nikko,Pachyseris,trenchii,10,2,NPA2-4,t,0.000462507,1.21E-06,0.000118577,504.6808703,3.278474446,210,0.05,295972.95,983742.9485,3.07E-09,1825,25676,0.546017699,0.452842505
CNikkoPachyseris,C,Nikko,Pachyseris,trenchii,10,3,NPA3-4,t,0.000362852,1.08E-06,0.000103053,524.3697274,2.409414642,183,0.05,188479.4775,1234798.111,2.12E-09,1939,28918,0.531761364,0.525298384
CNikkoPachyseris,C,Nikko,Pachyseris,trenchii,10,4,NPA4-4,t,0.000394613,6.49E-07,0.000173619,507.744739,2.237288909,217,0.05,310543.926,1125845.723,1.69E-09,1653,21907,0.562252846,0.696656473
CNikkoPachyseris,C,Nikko,Pachyseris,trenchii,10,5,NPA5-4,t,0.000350056,5.45E-07,0.000102714,535.8726682,3.387869033,202,0.06,282507.807,1004923.318,3.38E-09,1429,24829,0.541812227,0.680188792
CNikkoPachyseris,C,Nikko,Pachyseris,trenchii,10,6,NPA6-4,t,0.000385676,8.65E-07,7.48E-05,406.6249333,2.593774832,168,0.07,284134.032,1093271.823,2.33E-09,1682,29623,0.532614057,0.656902045
CNikkoPachyseris,C,Nikko,Pachyseris,trenchii,10,7,NPA7-4,t,0.000525015,8.25E-07,0.000240038,408.8194871,2.094922621,197,0.05,352402.9575,964127.87,1.29E-09,2015,26041,0.502882353,0.627423137
CNikkoPachyseris,C,Nikko,Pachyseris,trenchii,10,8,NPA8-4,t,0.000451731,1.11E-06,0.000115906,513.7709361,4.458387302,178,0.05,326134.003,925325.1384,3.22E-09,1607,25098,0.568027211,0.535613194
COffshorePachyseris,C,Offshore,Pachyseris,C40-sp,10,1,OPA1-4,t,0.000332679,5.97E-07,0.000471641,744.5491661,3.863777221,168,0.06,293240.892,949049.5461,2.83E-09,1164,21683,0.612840985,0.5225478
COffshorePachyseris,C,Offshore,Pachyseris,C40-sp,10,2,OPA2-4,t,0.000490901,9.67E-07,0.000387561,648.1175599,4.3200735,166,0.07,268153.661,614828.4338,4.65E-09,1579,24533,0.579115044,0.6510908
COffshorePachyseris,C,Offshore,Pachyseris,C40-sp,10,3,OPA3-4,t,0.000445038,6.30E-07,0.000283769,715.2360603,3.054412188,174,0.06,369738.516,1249409.029,1.68E-09,1438,24286,0.5664801,0.618116142
COffshorePachyseris,C,Offshore,Pachyseris,trenchii,10,4,OPA4-4,t,0.00052165,7.91E-07,0.000243093,402.7089083,2.922752048,201,0.05,326871.225,824916.3041,3.26E-09,1757,25278,0.533548766,0.33805842
COffshorePachyseris,C,Offshore,Pachyseris,C40-sp,10,5,OPA5-4,t,0.000409085,8.59E-07,2.87E-05,635.2724708,2.218801272,183,0.05,299583.1695,1323211.285,2.36E-09,1602,23202,0.54510665,0.847848401
COffshorePachyseris,C,Offshore,Pachyseris,C40-sp,10,6,OPA6-4,t,0.000677466,1.91E-06,0.000400172,588.2261727,2.626518464,164,0.08,339599.146,553041.203,3.47E-09,1530,24319,0.590909091,0.73881902
COffshorePachyseris,C,Offshore,Pachyseris,C40-sp,10,7,OPA7-4,t,0.000494664,7.87E-07,0.00064149,605.3419454,3.728481259,171,0.06,183535.7535,756448.9045,1.57E-09,2289,27432,0.539448364,0.967606816
COffshorePachyseris,C,Offshore,Pachyseris,trenchii,10,8,OPA8-4,t,0.000501614,7.73E-07,0.000584736,514.8401713,2.751628011,161,0.07,207712.2985,850125.842,2.71E-09,1926,30737,0.549333333,0.818413848
TNikkoPachyseris,T,Nikko,Pachyseris,trenchii,10,1,NPA1-5,t,0.000354188,5.37E-07,0.000227603,607.620434,3.207599441,253,0.05,202974.563,756530.9819,2.99E-09,2093,27849,0.384180468,1.108165138
TNikkoPachyseris,T,Nikko,Pachyseris,trenchii,10,2,NPA2-5,t,0.00041071,7.18E-07,0.000231645,542.3934846,3.312429424,187,0.06,176380.3635,737144.674,3.23E-09,1541,33394,0.458348188,0.59536401
TNikkoPachyseris,T,Nikko,Pachyseris,trenchii,10,3,NPA3-5,t,0.000981004,4.99E-06,0.000806136,618.1927888,6.750494295,188,0.05,163056.16,322501.3057,5.66E-09,2101,35771,0.412731481,1.03861046
TNikkoPachyseris,T,Nikko,Pachyseris,trenchii,10,4,NPA4-5,t,0.000643663,2.08E-06,0.000462084,509.3519732,2.568686156,199,0.06,166124.3045,401422.3783,3.29E-09,1627,30283,0.479298643,0.757481666
TNikkoPachyseris,T,Nikko,Pachyseris,trenchii,10,5,NPA5-5,t,0.000282689,4.62E-07,0.000204955,572.2432616,1.807451153,236,0.05,127929.7,624586.5096,2.91E-09,1500,33254,0.394736842,0.793020363
TNikkoPachyseris,T,Nikko,Pachyseris,trenchii,10,6,NPA6-5,t,0.000383709,8.51E-07,NA,407.5479365,3.217683217,218,0.06,363970.838,714066.0725,3.44E-09,1637,28292,0.468567807,0.664682448
TNikkoPachyseris,T,Nikko,Pachyseris,trenchii,10,7,NPA7-5,t,0.000427782,6.40E-07,0.000134127,571.3831978,2.059508547,268,0.05,183047.886,545576.4379,3.08E-09,1764,28650,0.39362776,1.259871665
TNikkoPachyseris,T,Nikko,Pachyseris,trenchii,10,8,NPA8-5,t,0.000365599,1.11E-06,0.000189343,523.505465,3.540783059,223,0.06,164400.506,939239.4474,1.32E-09,1286,29438,0.444131737,0.796730316
TOffshorePachyseris,T,Offshore,Pachyseris,C40-sp,10,1,OPA1-5,t,0.001652853,2.12E-06,0.002363108,717.896718,4.219135054,196,0.07,150870.314,204381.0796,9.48E-09,1888,28519,0.358020274,0.891129025
TOffshorePachyseris,T,Offshore,Pachyseris,C40-sp,10,2,OPA2-5,t,0.001028582,1.19E-06,0.000800003,812.5375751,6.456390944,199,0.06,310674.024,390966.3894,6.04E-09,1652,26895,0.424756967,0.321591024
TOffshorePachyseris,T,Offshore,Pachyseris,C40-sp,10,3,OPA3-5,t,0.000636272,1.17E-06,0.000320099,1092.396432,3.468595248,183,0.17,115071.681,781838.9683,2.64E-09,1604,38265,0.22,0.240257341
TOffshorePachyseris,T,Offshore,Pachyseris,trenchii,10,4,OPA4-5,t,0.001007814,1.45E-06,0.000801844,486.1780916,5.70659949,205,0.05,142240.48,271674.0752,6.75E-09,1859,29141,0.431405437,0.860450992
TOffshorePachyseris,T,Offshore,Pachyseris,C40-sp,10,5,OPA5-5,t,0.000566248,8.27E-07,0.000430287,1015.402622,2.81980829,189,0.18,200806.263,844990.9065,1.81E-09,1578,37880,0.221415385,0.955247228
TOffshorePachyseris,T,Offshore,Pachyseris,C40-sp,10,6,OPA6-5,t,0.000454947,5.18E-07,0.000398025,956.0097918,1.684528314,177,0.08,118974.621,494241.0092,1.94E-09,1766,29042,0.359477521,0.736247338
TOffshorePachyseris,T,Offshore,Pachyseris,C40-sp,10,7,OPA7-5,t,0.00128572,1.45E-06,0.0007931,984.8825335,3.232124184,201,0.07,93703.0845,158768.7193,1.12E-08,1856,30453,0.303735256,1.381042824
TOffshorePachyseris,T,Offshore,Pachyseris,trenchii,10,8,OPA8-5,t,0.000952658,6.78E-07,0.001104816,631.5242855,2.615672779,174,0.07,173550.732,310737.1005,5.77E-09,1598,35685,0.505823529,0.843297676